{"devices":[],"typicalconfigs":[{"id":1,"configname":"emptyconfig","comment":"","connects":[{"id":2,"portaddress":"30","connectname":"Device","comment":null,"device":{"id":2,"devicename":"thlsCO2","vendorname":"Inspark","productnumber":"","devicetopic":"msw2","comment":"","channelCollection":[{"id":2,"channelname":"CO2","channeltopic":"CO2","valuetype":{"id":2},"avgpoints":5,"ctrability":false,"sensitivity":150.0,"recovery":3600,"comment":"","paramcategory":{"id":13,"categoryname":"Концентрация CO2","measureunit":"ppm"},"minlimit":0.0,"maxlimit":5050.0},{"id":3,"channelname":"Illuminance","channeltopic":"Illuminance","valuetype":{"id":2},"avgpoints":10,"ctrability":false,"sensitivity":200.0,"recovery":3600,"comment":null,"paramcategory":{"id":14,"categoryname":"Illumination","measureunit":"lux"},"minlimit":null,"maxlimit":null},{"id":4,"channelname":"Humidity","channeltopic":"Humidity","valuetype":{"id":2},"avgpoints":5,"ctrability":false,"sensitivity":10.0,"recovery":3600,"comment":null,"paramcategory":{"id":2,"categoryname":"Humidity","measureunit":"%"},"minlimit":null,"maxlimit":null},{"id":5,"channelname":"Temperature","channeltopic":"Temperature","valuetype":{"id":2},"avgpoints":5,"ctrability":false,"sensitivity":2.0,"recovery":3600,"comment":null,"paramcategory":{"id":21,"categoryname":"Temperature","measureunit":"℃"},"minlimit":null,"maxlimit":null},{"id":6,"channelname":"Sound Level","channeltopic":"Sound Level","valuetype":{"id":2},"avgpoints":5,"ctrability":false,"sensitivity":2.0,"recovery":3600,"comment":null,"paramcategory":{"id":24,"categoryname":"Noise level","measureunit":"dB"},"minlimit":null,"maxlimit":null}],"devicetype":"CONTROLLER","protocolType":"MB_RTU","driverConfig":null,"classifier":{"name":"SENSOR-HVAC","description":"ТВШОУ датчик"},"attrVals":[]},"deviceparams":[{"id":8,"paramname":"CO2.Device","topic":"/devices/msw2_30/controls/CO2","interval":600,"urgent":false,"notify":null,"channel":{"id":2,"channelname":"CO2","channeltopic":"CO2","valuetype":{"id":2},"avgpoints":5,"ctrability":false,"sensitivity":150.0,"recovery":3600,"comment":"","paramcategory":{"id":13,"categoryname":"Концентрация CO2","measureunit":"ppm"},"minlimit":0.0,"maxlimit":5050.0},"zone":null,"controlprocedure":null,"paramTags":[],"stateIcons":[]},{"id":9,"paramname":"Illuminance.Device","topic":"/devices/msw2_30/controls/Illuminance","interval":600,"urgent":false,"notify":null,"channel":{"id":3,"channelname":"Illuminance","channeltopic":"Illuminance","valuetype":{"id":2},"avgpoints":10,"ctrability":false,"sensitivity":200.0,"recovery":3600,"comment":null,"paramcategory":{"id":14,"categoryname":"Illumination","measureunit":"lux"},"minlimit":null,"maxlimit":null},"zone":null,"controlprocedure":null,"paramTags":[],"stateIcons":[]},{"id":10,"paramname":"Humidity.Device","topic":"/devices/msw2_30/controls/Humidity","interval":600,"urgent":false,"notify":null,"channel":{"id":4,"channelname":"Humidity","channeltopic":"Humidity","valuetype":{"id":2},"avgpoints":5,"ctrability":false,"sensitivity":10.0,"recovery":3600,"comment":null,"paramcategory":{"id":2,"categoryname":"Humidity","measureunit":"%"},"minlimit":null,"maxlimit":null},"zone":null,"controlprocedure":null,"paramTags":[],"stateIcons":[]},{"id":11,"paramname":"Temperature.Device","topic":"/devices/msw2_30/controls/Temperature","interval":600,"urgent":false,"notify":null,"channel":{"id":5,"channelname":"Temperature","channeltopic":"Temperature","valuetype":{"id":2},"avgpoints":5,"ctrability":false,"sensitivity":2.0,"recovery":3600,"comment":null,"paramcategory":{"id":21,"categoryname":"Temperature","measureunit":"℃"},"minlimit":null,"maxlimit":null},"zone":null,"controlprocedure":null,"paramTags":[],"stateIcons":[]},{"id":12,"paramname":"Sound Level.Device","topic":"/devices/msw2_30/controls/Sound Level","interval":600,"urgent":false,"notify":null,"channel":{"id":6,"channelname":"Sound Level","channeltopic":"Sound Level","valuetype":{"id":2},"avgpoints":5,"ctrability":false,"sensitivity":2.0,"recovery":3600,"comment":null,"paramcategory":{"id":24,"categoryname":"Noise level","measureunit":"dB"},"minlimit":null,"maxlimit":null},"zone":null,"controlprocedure":null,"paramTags":[],"stateIcons":[]}]}],"calcparams":[],"schedules":[],"rules":[]}],"objects":[{"id":1,"shortname":"Object","fullname":null,"comment":null,"zipcode":null,"timezone":3,"area":145.6,"latitude":55.755864,"longitude":37.617698,"employees":null,"address":null,"objrubric":{"id":1,"shortname":"Rubric","fullname":null,"comment":null,"objrubric":null,"geoZone":null,"attrVals":[]},"sdirobjectstate":{"id":3,"objstatename":"активен","comment":"Информация собирается с контроллера объекта","isproduction":true,"eventsDisabled":false},"worstparamstate":null,"worstparamcount":null,"paramtags":null,"calendar":null,"controllers":[{"id":1,"serialnumber":"ATAT2020","installdate":1703750380953,"url":"localhost","port":1883,"isdebug":false,"maxlogsize":50,"comment":null,"addrethernet":null,"schlocked":false,"configstate":{"id":0},"schedulestate":{"id":1},"healthtimeout":300,"disconnectdate":null,"typicalconfig":{"id":1,"configname":"emptyconfig","comment":"","connects":null,"calcparams":null,"schedules":null,"rules":null},"object":{"id":1,"shortname":"Object","fullname":null,"comment":null,"zipcode":null,"timezone":3,"area":145.6,"latitude":55.755864,"longitude":37.617698,"employees":null,"address":null,"objrubric":{"id":1,"shortname":"Rubric","fullname":null,"comment":null,"objrubric":null,"geoZone":null,"attrVals":null},"sdirobjectstate":{"id":3,"objstatename":"активен","comment":"Информация собирается с контроллера объекта","isproduction":true,"eventsDisabled":false},"worstparamstate":null,"worstparamcount":null,"paramtags":null,"calendar":null,"controllers":null,"problems":[],"operatingModes":null,"objectHolidays":null,"attrVals":null,"objectType":null,"geoZone":null},"schedule":null,"ownschedule":null,"model":{"id":1,"modelname":"emptymodel","vendorname":null,"productnumber":null,"comment":null},"contrDeviceParams":[{"id":7,"devicestate":null,"manually":false,"locked":false,"valuedate":null,"stringValue":null,"numericValue":null,"sentevent":true,"inverted":false,"comment":null,"eventid":null,"controller":{"serialnumber":"ATAT2020"},"deviceparam":{"id":8,"topic":"/devices/msw2_30/controls/CO2"},"paramcode":null,"displayName":"CO2.Device","calibrate":null,"intervalid":null,"recorddate":1703748878824,"proc":null,"lockedreason":null,"meterReadingLogs":[],"valuetype":null},{"id":8,"devicestate":null,"manually":false,"locked":false,"valuedate":null,"stringValue":null,"numericValue":null,"sentevent":true,"inverted":false,"comment":null,"eventid":null,"controller":{"serialnumber":"ATAT2020"},"deviceparam":{"id":10,"topic":"/devices/msw2_30/controls/Humidity"},"paramcode":null,"displayName":"Humidity.Device","calibrate":null,"intervalid":null,"recorddate":1703748878854,"proc":null,"lockedreason":null,"meterReadingLogs":[],"valuetype":null},{"id":9,"devicestate":null,"manually":false,"locked":false,"valuedate":null,"stringValue":null,"numericValue":null,"sentevent":true,"inverted":false,"comment":null,"eventid":null,"controller":{"serialnumber":"ATAT2020"},"deviceparam":{"id":9,"topic":"/devices/msw2_30/controls/Illuminance"},"paramcode":null,"displayName":"Illuminance.Device","calibrate":null,"intervalid":null,"recorddate":1703748878858,"proc":null,"lockedreason":null,"meterReadingLogs":[],"valuetype":null},{"id":10,"devicestate":null,"manually":false,"locked":false,"valuedate":null,"stringValue":null,"numericValue":null,"sentevent":true,"inverted":false,"comment":null,"eventid":null,"controller":{"serialnumber":"ATAT2020"},"deviceparam":{"id":12,"topic":"/devices/msw2_30/controls/Sound Level"},"paramcode":null,"displayName":"Sound Level.Device","calibrate":null,"intervalid":null,"recorddate":1703748878861,"proc":null,"lockedreason":null,"meterReadingLogs":[],"valuetype":null},{"id":11,"devicestate":null,"manually":false,"locked":false,"valuedate":null,"stringValue":null,"numericValue":null,"sentevent":true,"inverted":false,"comment":null,"eventid":null,"controller":{"serialnumber":"ATAT2020"},"deviceparam":{"id":11,"topic":"/devices/msw2_30/controls/Temperature"},"paramcode":null,"displayName":"Temperature.Device","calibrate":null,"intervalid":null,"recorddate":1703748878865,"proc":null,"lockedreason":null,"meterReadingLogs":[],"valuetype":null}],"contrCalcParams":[],"units":[{"id":2,"serialnumber":null,"installdate":null,"status":null,"deviceconnect":{"connectname":"Device"}}],"confighash":"44CD18A621A84DB9AE22D2BD69C065C8","schedulehash":null,"lockedRules":[]}],"problems":[],"operatingModes":[],"objectHolidays":[],"attrVals":[],"objectType":null,"geoZone":null}],"iconsets":[{"id":1,"name":"widget-1","imagetype":4,"icons":[]}],"dashboards":[{"id":1,"dashname":"Climate","hidden":false,"objrubric":{"id":1,"shortname":"Rubric","fullname":null,"comment":null,"objrubric":null,"geoZone":null,"attrVals":null},"widgets":[{"id":1,"widgetclass":{"version":"24","name":"Комплексный виджет"},"dashboard":{"id":1,"dashname":"Climate","hidden":false,"objrubric":{"id":1,"shortname":"Rubric","fullname":null,"comment":null,"objrubric":null,"geoZone":null,"attrVals":null},"widgets":null},"title":"Climate","hidden":false,"placement":0,"configdate":null,"posx":null,"posy":null,"conflict":false,"width":null,"height":null,"config":"{\"widget\":{\"picture\":{\"setId\":null,\"pictureId\":null}},\"position\":{\"sm\":{\"w\":3,\"h\":3,\"x\":0,\"y\":0},\"lg\":{\"w\":5,\"h\":7,\"x\":0,\"y\":0},\"slg\":{\"w\":6,\"h\":15,\"x\":0,\"y\":0},\"mobile\":{\"w\":2,\"h\":7}},\"items\":{\"instant.1\":{},\"instant.2\":{},\"instant.3\":{},\"instant.4\":{},\"instant.5\":{}}}","createdate":1703749966906,"lastdate":1703750008626,"iconset":{"id":1,"name":"widget-1","imagetype":4,"icons":null},"params":[{"id":1,"widget":{"id":1,"widgetclass":{"version":"24","name":"Комплексный виджет"},"dashboard":{"id":1,"dashname":"Climate","hidden":false,"objrubric":{"id":1,"shortname":"Rubric","fullname":null,"comment":null,"objrubric":null,"geoZone":null,"attrVals":null},"widgets":null},"title":"Climate","hidden":false,"placement":0,"configdate":null,"posx":null,"posy":null,"conflict":false,"width":null,"height":null,"config":"{\"widget\":{\"picture\":{\"setId\":null,\"pictureId\":null}},\"position\":{\"sm\":{\"w\":3,\"h\":3,\"x\":0,\"y\":0},\"lg\":{\"w\":5,\"h\":7,\"x\":0,\"y\":0},\"slg\":{\"w\":6,\"h\":15,\"x\":0,\"y\":0},\"mobile\":{\"w\":2,\"h\":7}},\"items\":{\"instant.1\":{},\"instant.2\":{},\"instant.3\":{},\"instant.4\":{},\"instant.5\":{}}}","createdate":1703749966906,"lastdate":1703750008626,"iconset":{"id":1,"name":"widget-1","imagetype":4,"icons":null},"params":null},"refname":"instant","itemtype":{"id":1},"title":"","contrcalcparam":null,"contrdeviceparam":null,"dashboardlink":null,"config":"{}"},{"id":2,"widget":{"id":1,"widgetclass":{"version":"24","name":"Комплексный виджет"},"dashboard":{"id":1,"dashname":"Climate","hidden":false,"objrubric":{"id":1,"shortname":"Rubric","fullname":null,"comment":null,"objrubric":null,"geoZone":null,"attrVals":null},"widgets":null},"title":"Climate","hidden":false,"placement":0,"configdate":null,"posx":null,"posy":null,"conflict":false,"width":null,"height":null,"config":"{\"widget\":{\"picture\":{\"setId\":null,\"pictureId\":null}},\"position\":{\"sm\":{\"w\":3,\"h\":3,\"x\":0,\"y\":0},\"lg\":{\"w\":5,\"h\":7,\"x\":0,\"y\":0},\"slg\":{\"w\":6,\"h\":15,\"x\":0,\"y\":0},\"mobile\":{\"w\":2,\"h\":7}},\"items\":{\"instant.1\":{},\"instant.2\":{},\"instant.3\":{},\"instant.4\":{},\"instant.5\":{}}}","createdate":1703749966906,"lastdate":1703750008626,"iconset":{"id":1,"name":"widget-1","imagetype":4,"icons":null},"params":null},"refname":"instant.1","itemtype":{"id":1},"title":"Temperature","contrcalcparam":null,"contrdeviceparam":{"id":11,"devicestate":null,"manually":false,"locked":false,"valuedate":null,"stringValue":null,"numericValue":null,"sentevent":true,"inverted":false,"comment":null,"eventid":null,"controller":{"serialnumber":"ATAT2020"},"deviceparam":{"id":11,"topic":"/devices/msw2_30/controls/Temperature"},"paramcode":null,"displayName":"Temperature.Device","calibrate":null,"intervalid":null,"recorddate":1703748878865,"proc":null,"lockedreason":null,"meterReadingLogs":null,"valuetype":null},"dashboardlink":null,"config":"{\"valueType\":1}"},{"id":3,"widget":{"id":1,"widgetclass":{"version":"24","name":"Комплексный виджет"},"dashboard":{"id":1,"dashname":"Climate","hidden":false,"objrubric":{"id":1,"shortname":"Rubric","fullname":null,"comment":null,"objrubric":null,"geoZone":null,"attrVals":null},"widgets":null},"title":"Climate","hidden":false,"placement":0,"configdate":null,"posx":null,"posy":null,"conflict":false,"width":null,"height":null,"config":"{\"widget\":{\"picture\":{\"setId\":null,\"pictureId\":null}},\"position\":{\"sm\":{\"w\":3,\"h\":3,\"x\":0,\"y\":0},\"lg\":{\"w\":5,\"h\":7,\"x\":0,\"y\":0},\"slg\":{\"w\":6,\"h\":15,\"x\":0,\"y\":0},\"mobile\":{\"w\":2,\"h\":7}},\"items\":{\"instant.1\":{},\"instant.2\":{},\"instant.3\":{},\"instant.4\":{},\"instant.5\":{}}}","createdate":1703749966906,"lastdate":1703750008626,"iconset":{"id":1,"name":"widget-1","imagetype":4,"icons":null},"params":null},"refname":"instant.4","itemtype":{"id":1},"title":"Illuminance","contrcalcparam":null,"contrdeviceparam":{"id":9,"devicestate":null,"manually":false,"locked":false,"valuedate":null,"stringValue":null,"numericValue":null,"sentevent":true,"inverted":false,"comment":null,"eventid":null,"controller":{"serialnumber":"ATAT2020"},"deviceparam":{"id":9,"topic":"/devices/msw2_30/controls/Illuminance"},"paramcode":null,"displayName":"Illuminance.Device","calibrate":null,"intervalid":null,"recorddate":1703748878858,"proc":null,"lockedreason":null,"meterReadingLogs":null,"valuetype":null},"dashboardlink":null,"config":"{\"valueType\":1}"},{"id":4,"widget":{"id":1,"widgetclass":{"version":"24","name":"Комплексный виджет"},"dashboard":{"id":1,"dashname":"Climate","hidden":false,"objrubric":{"id":1,"shortname":"Rubric","fullname":null,"comment":null,"objrubric":null,"geoZone":null,"attrVals":null},"widgets":null},"title":"Climate","hidden":false,"placement":0,"configdate":null,"posx":null,"posy":null,"conflict":false,"width":null,"height":null,"config":"{\"widget\":{\"picture\":{\"setId\":null,\"pictureId\":null}},\"position\":{\"sm\":{\"w\":3,\"h\":3,\"x\":0,\"y\":0},\"lg\":{\"w\":5,\"h\":7,\"x\":0,\"y\":0},\"slg\":{\"w\":6,\"h\":15,\"x\":0,\"y\":0},\"mobile\":{\"w\":2,\"h\":7}},\"items\":{\"instant.1\":{},\"instant.2\":{},\"instant.3\":{},\"instant.4\":{},\"instant.5\":{}}}","createdate":1703749966906,"lastdate":1703750008626,"iconset":{"id":1,"name":"widget-1","imagetype":4,"icons":null},"params":null},"refname":"instant.3","itemtype":{"id":1},"title":"Sound Level","contrcalcparam":null,"contrdeviceparam":{"id":10,"devicestate":null,"manually":false,"locked":false,"valuedate":null,"stringValue":null,"numericValue":null,"sentevent":true,"inverted":false,"comment":null,"eventid":null,"controller":{"serialnumber":"ATAT2020"},"deviceparam":{"id":12,"topic":"/devices/msw2_30/controls/Sound Level"},"paramcode":null,"displayName":"Sound Level.Device","calibrate":null,"intervalid":null,"recorddate":1703748878861,"proc":null,"lockedreason":null,"meterReadingLogs":null,"valuetype":null},"dashboardlink":null,"config":"{\"valueType\":1}"},{"id":5,"widget":{"id":1,"widgetclass":{"version":"24","name":"Комплексный виджет"},"dashboard":{"id":1,"dashname":"Climate","hidden":false,"objrubric":{"id":1,"shortname":"Rubric","fullname":null,"comment":null,"objrubric":null,"geoZone":null,"attrVals":null},"widgets":null},"title":"Climate","hidden":false,"placement":0,"configdate":null,"posx":null,"posy":null,"conflict":false,"width":null,"height":null,"config":"{\"widget\":{\"picture\":{\"setId\":null,\"pictureId\":null}},\"position\":{\"sm\":{\"w\":3,\"h\":3,\"x\":0,\"y\":0},\"lg\":{\"w\":5,\"h\":7,\"x\":0,\"y\":0},\"slg\":{\"w\":6,\"h\":15,\"x\":0,\"y\":0},\"mobile\":{\"w\":2,\"h\":7}},\"items\":{\"instant.1\":{},\"instant.2\":{},\"instant.3\":{},\"instant.4\":{},\"instant.5\":{}}}","createdate":1703749966906,"lastdate":1703750008626,"iconset":{"id":1,"name":"widget-1","imagetype":4,"icons":null},"params":null},"refname":"instant.2","itemtype":{"id":1},"title":"Humidity","contrcalcparam":null,"contrdeviceparam":{"id":8,"devicestate":null,"manually":false,"locked":false,"valuedate":null,"stringValue":null,"numericValue":null,"sentevent":true,"inverted":false,"comment":null,"eventid":null,"controller":{"serialnumber":"ATAT2020"},"deviceparam":{"id":10,"topic":"/devices/msw2_30/controls/Humidity"},"paramcode":null,"displayName":"Humidity.Device","calibrate":null,"intervalid":null,"recorddate":1703748878854,"proc":null,"lockedreason":null,"meterReadingLogs":null,"valuetype":null},"dashboardlink":null,"config":"{\"valueType\":1}"},{"id":6,"widget":{"id":1,"widgetclass":{"version":"24","name":"Комплексный виджет"},"dashboard":{"id":1,"dashname":"Climate","hidden":false,"objrubric":{"id":1,"shortname":"Rubric","fullname":null,"comment":null,"objrubric":null,"geoZone":null,"attrVals":null},"widgets":null},"title":"Climate","hidden":false,"placement":0,"configdate":null,"posx":null,"posy":null,"conflict":false,"width":null,"height":null,"config":"{\"widget\":{\"picture\":{\"setId\":null,\"pictureId\":null}},\"position\":{\"sm\":{\"w\":3,\"h\":3,\"x\":0,\"y\":0},\"lg\":{\"w\":5,\"h\":7,\"x\":0,\"y\":0},\"slg\":{\"w\":6,\"h\":15,\"x\":0,\"y\":0},\"mobile\":{\"w\":2,\"h\":7}},\"items\":{\"instant.1\":{},\"instant.2\":{},\"instant.3\":{},\"instant.4\":{},\"instant.5\":{}}}","createdate":1703749966906,"lastdate":1703750008626,"iconset":{"id":1,"name":"widget-1","imagetype":4,"icons":null},"params":null},"refname":"interval","itemtype":{"id":5},"title":"","contrcalcparam":null,"contrdeviceparam":null,"dashboardlink":null,"config":"{}"},{"id":7,"widget":{"id":1,"widgetclass":{"version":"24","name":"Комплексный виджет"},"dashboard":{"id":1,"dashname":"Climate","hidden":false,"objrubric":{"id":1,"shortname":"Rubric","fullname":null,"comment":null,"objrubric":null,"geoZone":null,"attrVals":null},"widgets":null},"title":"Climate","hidden":false,"placement":0,"configdate":null,"posx":null,"posy":null,"conflict":false,"width":null,"height":null,"config":"{\"widget\":{\"picture\":{\"setId\":null,\"pictureId\":null}},\"position\":{\"sm\":{\"w\":3,\"h\":3,\"x\":0,\"y\":0},\"lg\":{\"w\":5,\"h\":7,\"x\":0,\"y\":0},\"slg\":{\"w\":6,\"h\":15,\"x\":0,\"y\":0},\"mobile\":{\"w\":2,\"h\":7}},\"items\":{\"instant.1\":{},\"instant.2\":{},\"instant.3\":{},\"instant.4\":{},\"instant.5\":{}}}","createdate":1703749966906,"lastdate":1703750008626,"iconset":{"id":1,"name":"widget-1","imagetype":4,"icons":null},"params":null},"refname":"instant.5","itemtype":{"id":1},"title":"CO2","contrcalcparam":null,"contrdeviceparam":{"id":7,"devicestate":null,"manually":false,"locked":false,"valuedate":null,"stringValue":null,"numericValue":null,"sentevent":true,"inverted":false,"comment":null,"eventid":null,"controller":{"serialnumber":"ATAT2020"},"deviceparam":{"id":8,"topic":"/devices/msw2_30/controls/CO2"},"paramcode":null,"displayName":"CO2.Device","calibrate":null,"intervalid":null,"recorddate":1703748878824,"proc":null,"lockedreason":null,"meterReadingLogs":null,"valuetype":null},"dashboardlink":null,"config":"{\"valueType\":1}"}]}]}],"users":[],"events":[{"id":2020,"name":"Восстановлена связь с контроллером","description":"Объект %OBJECT_NAME%, восстановлена связь с контроллером %CONTR_SERIALNUM%","log":null,"sdircriticality":{"id":4},"addinfotype":1,"notify":true,"export":true,"systemEvent":"E2020"},{"id":2019,"name":"Нет связи с контроллером более суток","description":"Объект %OBJECT_NAME%, более суток нет связи с контроллером %CONTR_SERIALNUM%","log":null,"sdircriticality":{"id":1},"addinfotype":1,"notify":true,"export":false,"systemEvent":"E2019"},{"id":3013,"name":"Ошибка при выполнении команды рестарта контроллера","description":"Объект %OBJECT_NAME%. Ошибка при выполнении команды рестарта контроллера %CONTR_SERIALNUM%","log":null,"sdircriticality":{"id":2},"addinfotype":4,"notify":false,"export":false,"systemEvent":"E3013"},{"id":2018,"name":"Нет связи с контроллером более часа","description":"Объект %OBJECT_NAME%, более часа нет связи с контроллером %CONTR_SERIALNUM%","log":null,"sdircriticality":{"id":3},"addinfotype":1,"notify":true,"export":true,"systemEvent":"E2018"},{"id":1018,"name":"Недоступность устройства на объекте","description":"Объект %OBJECT_NAME%, контроллер %CONTR_SERIALNUM%, потеря опроса с устройства %EXT_INFO%","log":null,"sdircriticality":{"id":2},"addinfotype":1,"notify":true,"export":false,"systemEvent":"E1018"}],"scheduleTemplates":[],"paramCategories":[],"controllerModels":[],"controlProcedures":[],"objectStates":[],"geoZones":[{"id":7,"name":"7","geometry":"{\"type\":\"Polygon\",\"coordinates\":[[[37.613239,55.81227],[37.633239,55.81227],[37.633239,55.83227],[37.613239,55.83227],[37.613239,55.81227]]]}","description":null,"color":null,"opacity":0,"borderOpacity":0,"showOnMap":false},{"id":8,"name":"Тушино","geometry":"{\"type\":\"Polygon\",\"coordinates\":[[[36.509843,56.103401],[36.512933,56.103473],[36.515765,56.103832],[36.516623,56.105077],[36.515808,56.106249],[36.514435,56.106656],[36.512375,56.106848],[36.509972,56.106513],[36.508641,56.105843],[36.508255,56.105149],[36.508341,56.104167],[36.509843,56.103401]]]}","description":null,"color":"#ff0000","opacity":50,"borderOpacity":50,"showOnMap":true},{"id":26,"name":"1231111","geometry":"{\"type\":\"Polygon\",\"coordinates\":[[[37.613239,55.812271],[37.633239,55.812271],[37.633239,55.832271],[37.613239,55.832271],[37.613239,55.812271]]]}","description":null,"color":null,"opacity":0,"borderOpacity":0,"showOnMap":false},{"id":17,"name":"027SNWTestGEOZONE20230417230208ГЕОЗОНА1","geometry":"{\"type\": \"Polygon\",\"coordinates\":[[[37.60655, 55.820621],[37.625694, 55.820621],[37.625694, 55.831059],[37.60655, 55.831059],[37.60655, 55.820621]]]}","description":"НЕ ТРОГАТЬ! УЧАСТВУЕТ В АВТО ТЕСТАХ!","color":"#778899","opacity":50,"borderOpacity":50,"showOnMap":true},{"id":6,"name":"027SNWTestGEOZONE20230927205352ГЕОЗОНА1","geometry":"{\"type\": \"Polygon\",\"coordinates\":[[[37.61874, 55.817728],[37.638571, 55.817728],[37.638571, 55.826431],[37.61874, 55.826431],[37.61874, 55.817728]]]}","description":"НЕ ТРОГАТЬ! УЧАСТВУЕТ В АВТО ТЕСТАХ!","color":"#778899","opacity":50,"borderOpacity":50,"showOnMap":true},{"id":52,"name":"ппппп","geometry":"{ \"type\": \"MultiPoint\", \n    \"coordinates\": [\n        [10, 40], [40, 30], [20, 20], [30, 10]\n    ]\n}","description":null,"color":null,"opacity":0,"borderOpacity":0,"showOnMap":false},{"id":1,"name":"Пример","geometry":"{\"type\":\"Polygon\",\"coordinates\":[[[37.673105,54.822593],[37.693105,54.822593],[37.693105,54.842593],[37.673105,54.842593],[37.673105,54.822593]]]}","description":"пример","color":null,"opacity":50,"borderOpacity":30,"showOnMap":false},{"id":14,"name":"027SNWTestGEOZONE20230927205445ГЕОЗОНА1","geometry":"{\"type\": \"Polygon\",\"coordinates\":[[[37.60655, 55.820621],[37.625694, 55.820621],[37.625694, 55.831059],[37.60655, 55.831059],[37.60655, 55.820621]]]}","description":"НЕ ТРОГАТЬ! УЧАСТВУЕТ В АВТО ТЕСТАХ!","color":"#778899","opacity":50,"borderOpacity":50,"showOnMap":true},{"id":49,"name":"амвамавмв","geometry":"{\"type\":\"Polygon\",\"coordinates\":[[[37.613239,55.812259],[37.633239,55.812259],[37.633239,55.832259],[37.613239,55.832259],[37.613239,55.812259]]]}","description":null,"color":null,"opacity":0,"borderOpacity":0,"showOnMap":false},{"id":19,"name":"123","geometry":"{\"type\":\"Polygon\",\"coordinates\":[[[37.901758,55.817909],[37.921758,55.817909],[37.921758,55.837909],[37.905922,55.829517],[37.901758,55.817909]]]}","description":null,"color":null,"opacity":0,"borderOpacity":0,"showOnMap":false},{"id":33,"name":"2312321321","geometry":"{\"type\":\"Polygon\",\"coordinates\":[[[37.613239,55.812259],[37.633239,55.812259],[37.633239,55.832259],[37.613239,55.832259],[37.613239,55.812259]]]}","description":"2313213123213","color":"#722c2c","opacity":10,"borderOpacity":40,"showOnMap":true},{"id":34,"name":"027SNWTestGEOZONE20230323213735ГЕОЗОНА1","geometry":"{\"type\": \"Polygon\",\"coordinates\":[[[37.60655, 55.820621],[37.625694, 55.820621],[37.625694, 55.831059],[37.60655, 55.831059],[37.60655, 55.820621]]]}","description":"НЕ ТРОГАТЬ! УЧАСТВУЕТ В АВТО ТЕСТАХ!","color":"#778899","opacity":50,"borderOpacity":50,"showOnMap":true},{"id":39,"name":"GEO03_2","geometry":"{\"type\": \"Polygon\",\"coordinates\":[[ [-322.396887, 55.832578],[-322.383967, 55.832578],[-322.383967, 55.839133],[-322.396887, 55.839133],[-322.396887, 55.832578]]]}","description":null,"color":null,"opacity":0,"borderOpacity":0,"showOnMap":false},{"id":43,"name":"Тест","geometry":"{\"type\":\"Polygon\",\"coordinates\":[[[37.593387,55.924286],[37.609578,55.917707],[37.630537,55.933899],[37.614347,55.940476],[37.593387,55.924286]]]}","description":null,"color":"","opacity":25,"borderOpacity":100,"showOnMap":false},{"id":25,"name":"GEO02","geometry":"{\"type\":\"Polygon\",\"coordinates\":[[[-322.391504,55.82026],[-322.38646,55.817101],[-322.381889,55.82026],[-322.377191,55.826624],[-322.386632,55.828528],[-322.391504,55.824611],[-322.391504,55.82026]]]}","description":null,"color":null,"opacity":0,"borderOpacity":0,"showOnMap":false},{"id":42,"name":"rest","geometry":"{\"type\": \"Polygon\", \"coordinates\": [[[30, 10], [40, 40], [20, 40], [10, 20], [30, 10]]]}","description":null,"color":null,"opacity":0,"borderOpacity":0,"showOnMap":false},{"id":54,"name":"GEO03","geometry":"{\"type\":\"Polygon\",\"coordinates\":[[[-322.393177,55.835205],[-322.383967,55.832578],[-322.385817,55.837121],[-322.392833,55.836976],[-322.393177,55.835205]]]}","description":null,"color":null,"opacity":0,"borderOpacity":0,"showOnMap":false},{"id":35,"name":"квадрат 10x10 кмвпвап","geometry":"{\"type\":\"Polygon\",\"coordinates\":[[[37.613239,55.812272],[37.633239,55.812272],[37.633239,55.832272],[37.613239,55.832272],[37.613239,55.812272]]]}","description":null,"color":null,"opacity":0,"borderOpacity":0,"showOnMap":false},{"id":51,"name":"TEST_GEO02 (НЕ ТРОГАТЬ!)","geometry":"{\"type\": \"Polygon\",\"coordinates\":[[[37.60655, 55.820621],[37.625694, 55.820621],[37.625694, 55.831059],[37.60655, 55.831059],[37.60655, 55.820621]]]}","description":"НЕ ТРОГАТЬ! УЧАСТВУЕТ В АВТО ТЕСТАХ!","color":null,"opacity":0,"borderOpacity":0,"showOnMap":false},{"id":31,"name":"ВДНХ","geometry":"{\"type\":\"Polygon\",\"coordinates\":[[[37.635598,55.821899],[37.638516,55.818885],[37.646542,55.826504],[37.645254,55.826889],[37.637315,55.829468],[37.635942,55.83224],[37.632508,55.834409],[37.628989,55.836506],[37.626758,55.837976],[37.625299,55.840482],[37.619462,55.84094],[37.612982,55.839759],[37.612209,55.836096],[37.613969,55.833879],[37.614398,55.832168],[37.616158,55.830312],[37.622852,55.829951],[37.622509,55.829059],[37.622337,55.826913],[37.631006,55.8266],[37.630577,55.823972],[37.633924,55.823514],[37.635598,55.821899]]]}","description":null,"color":"#20B2AA","opacity":40,"borderOpacity":100,"showOnMap":true},{"id":37,"name":"тест2222222","geometry":"{\"type\": \"Polygon\",  \"coordinates\":   [[[39,  110],   [49,  46],   [29,  46],   [19,  29],   [39,  19]]]}","description":null,"color":null,"opacity":0,"borderOpacity":0,"showOnMap":false},{"id":48,"name":"Copy 2312321321","geometry":"{\"type\":\"Polygon\",\"coordinates\":[[[37.613239,55.812259],[37.633239,55.812259],[37.633239,55.832259],[37.613239,55.832259],[37.613239,55.812259]]]}","description":"2313213123213","color":"#722c2c","opacity":10,"borderOpacity":40,"showOnMap":true},{"id":2,"name":"Copy Тест","geometry":"{\"type\":\"Polygon\",\"coordinates\":[[[37.593387,55.924286],[37.609578,55.917707],[37.630537,55.933899],[37.614347,55.940476],[37.593387,55.924286]]]}","description":null,"color":"","opacity":25,"borderOpacity":100,"showOnMap":false},{"id":23,"name":"geozone-krd","geometry":"{\"type\": \"Polygon\", \"coordinates\": [[[39.2, 44], [39.2, 46], [39.7, 46], [39.7, 44], [39.2, 44]]]}","description":null,"color":null,"opacity":0,"borderOpacity":0,"showOnMap":false},{"id":32,"name":"10","geometry":"{\"type\":\"Polygon\",\"coordinates\":[[[37.613239,55.81227],[37.633239,55.81227],[37.632594,55.824913],[37.633239,55.83227],[37.619591,55.827154],[37.614741,55.827034],[37.613239,55.83227],[37.610965,55.822381],[37.613239,55.81227]]]}","description":null,"color":null,"opacity":0,"borderOpacity":0,"showOnMap":false},{"id":13,"name":"6","geometry":"{\"type\":\"Polygon\",\"coordinates\":[[[37.613239,55.81227],[37.633239,55.81227],[37.633239,55.83227],[37.613239,55.83227],[37.613239,55.81227]]]}","description":null,"color":null,"opacity":0,"borderOpacity":0,"showOnMap":false},{"id":55,"name":"TEST_GEO02","geometry":"{\"type\": \"Polygon\",\"coordinates\":[[[37.60655, 55.820621],[37.625694, 55.820621],[37.625694, 55.831059],[37.60655, 55.831059],[37.60655, 55.820621]]]}","description":null,"color":null,"opacity":0,"borderOpacity":0,"showOnMap":false},{"id":46,"name":"GEO02_2","geometry":"{\"type\": \"Polygon\",\"coordinates\":[[[-322.391504,55.82026],[-322.381889,55.82026],[-322.381889,55.824611],[-322.391504,55.824611],[-322.391504, 55.82026]]]}","description":null,"color":null,"opacity":0,"borderOpacity":0,"showOnMap":false},{"id":36,"name":"027SNWTestGEOZONE20230413031835ГЕОЗОНА1","geometry":"{\"type\": \"Polygon\",\"coordinates\":[[[37.60655, 55.820621],[37.625694, 55.820621],[37.625694, 55.831059],[37.60655, 55.831059],[37.60655, 55.820621]]]}","description":"НЕ ТРОГАТЬ! УЧАСТВУЕТ В АВТО ТЕСТАХ!","color":"#778899","opacity":50,"borderOpacity":50,"showOnMap":true},{"id":47,"name":"9","geometry":"{\"type\":\"Polygon\",\"coordinates\":[[[37.633239,55.81227],[37.633239,55.83227],[37.617617,55.82607],[37.613239,55.81227]]]}","description":null,"color":null,"opacity":0,"borderOpacity":0,"showOnMap":false},{"id":10,"name":"цуцуцу","geometry":"{\"type\":\"Polygon\",\"coordinates\":[[[37.607306,55.745798],[37.627306,55.745798],[37.627306,55.765798],[37.607306,55.765798],[37.607306,55.745798]]]}","description":null,"color":null,"opacity":0,"borderOpacity":0,"showOnMap":false},{"id":16,"name":"TEST_GEO01","geometry":"{\"type\": \"Polygon\",\"coordinates\":[[   [37.61874, 55.817728],[37.638571, 55.817728],[37.638571, 55.826431],[37.61874, 55.826431],[37.61874, 55.817728]]]}","description":null,"color":null,"opacity":0,"borderOpacity":0,"showOnMap":false},{"id":30,"name":"2","geometry":"{\"type\":\"Polygon\",\"coordinates\":[[[37.613239,55.81227],[37.633239,55.81227],[37.633239,55.83227],[37.613239,55.83227],[37.613239,55.81227]]]}","description":null,"color":null,"opacity":0,"borderOpacity":0,"showOnMap":true},{"id":12,"name":"qwsddadasqwsddadasqwsddadasqwsddadasqwsddadasqwsdd","geometry":"{\"type\":\"Polygon\",\"coordinates\":[[[37.607295,55.745798],[37.627295,55.745798],[37.627295,55.765798],[37.607295,55.765798],[37.607295,55.745798]]]}","description":"qwsddadasqwsddadasqwsddadasqwsddadasqwsddadasqwsdd","color":null,"opacity":0,"borderOpacity":1,"showOnMap":false},{"id":38,"name":"027SNWTestGEOZONE20230323213542ГЕОЗОНА1","geometry":"{\"type\": \"Polygon\",\"coordinates\":[[[37.61874, 55.817728],[37.638571, 55.817728],[37.638571, 55.826431],[37.61874, 55.826431],[37.61874, 55.817728]]]}","description":"НЕ ТРОГАТЬ! УЧАСТВУЕТ В АВТО ТЕСТАХ!","color":"#778899","opacity":50,"borderOpacity":50,"showOnMap":true},{"id":24,"name":"8","geometry":"{\"type\":\"Polygon\",\"coordinates\":[[[37.613239,55.81227],[37.633239,55.81227],[37.633239,55.83227],[37.613239,55.83227],[37.613239,55.81227]]]}","description":null,"color":null,"opacity":0,"borderOpacity":0,"showOnMap":false},{"id":15,"name":"GEO01","geometry":"{\"type\":\"Polygon\",\"coordinates\":[[[37.627753,55.821933],[37.626898,55.823698],[37.627015,55.826046],[37.622209,55.825732],[37.620874,55.823306],[37.619423,55.822168],[37.621129,55.82048],[37.62325,55.820176],[37.624925,55.820743],[37.627753,55.821933]]]}","description":null,"color":null,"opacity":0,"borderOpacity":0,"showOnMap":false},{"id":4,"name":"77","geometry":"{\"type\":\"Polygon\",\"coordinates\":[[[37.625427,55.819561],[37.633152,55.819729],[37.635684,55.826745],[37.625041,55.828384],[37.616458,55.823948],[37.617102,55.817656],[37.625427,55.819561]]]}","description":null,"color":null,"opacity":0,"borderOpacity":0,"showOnMap":false},{"id":20,"name":"черная дыра","geometry":"{\"type\":\"Polygon\",\"coordinates\":[[[37.544746,55.762861],[37.660789,55.761702],[37.703705,55.827902],[37.588348,55.857009],[37.54715,55.806877],[37.544746,55.762861]]]}","description":"зона поражения","color":"#ffa200","opacity":0,"borderOpacity":100,"showOnMap":true},{"id":22,"name":"027SNWTestGEOZONE20230417225947ГЕОЗОНА1","geometry":"{\"type\": \"Polygon\",\"coordinates\":[[[37.61874, 55.817728],[37.638571, 55.817728],[37.638571, 55.826431],[37.61874, 55.826431],[37.61874, 55.817728]]]}","description":"НЕ ТРОГАТЬ! УЧАСТВУЕТ В АВТО ТЕСТАХ!","color":"#778899","opacity":50,"borderOpacity":50,"showOnMap":true},{"id":53,"name":"Зона  ОФИСА","geometry":"{\"type\":\"Polygon\",\"coordinates\":[[[37.622514,55.822116],[37.623705,55.822095],[37.623668,55.822414],[37.623051,55.82242],[37.622498,55.822405],[37.622514,55.822116]]]}","description":null,"color":"#f07575","opacity":39,"borderOpacity":100,"showOnMap":false},{"id":3,"name":"квадрат 10x10 км","geometry":"{\"type\":\"Polygon\",\"coordinates\":[[[37.613239,55.81227],[37.633239,55.81227],[37.633239,55.83227],[37.613239,55.83227],[37.613239,55.81227]]]}","description":null,"color":null,"opacity":0,"borderOpacity":0,"showOnMap":false},{"id":9,"name":"new","geometry":"{\"type\": \"Polygon\", \"coordinates\": [[[39.2, 44], [39.2, 46], [39.7, 46], [39.7, 44], [39.2, 44]]]}","description":"descr3","color":"#ffc266","opacity":63,"borderOpacity":65,"showOnMap":false},{"id":5,"name":"4","geometry":"{\"type\":\"Polygon\",\"coordinates\":[[[37.613239,55.81227],[37.633239,55.81227],[37.633239,55.83227],[37.613239,55.83227],[37.613239,55.81227]]]}","description":null,"color":null,"opacity":0,"borderOpacity":0,"showOnMap":false},{"id":29,"name":"Copy Copy 2312321321","geometry":"{\"type\":\"Polygon\",\"coordinates\":[[[37.613239,55.812259],[37.633239,55.812259],[37.633239,55.832259],[37.613239,55.832259],[37.613239,55.812259]]]}ццццццывсаыа аывапвцы","description":"2313213123213","color":"#722c2c","opacity":10,"borderOpacity":40,"showOnMap":false},{"id":50,"name":"GEO012333","geometry":"{\"type\":\"Polygon\",\"coordinates\":[[[37.627753,55.821933],[37.626898,55.823698],[37.627015,55.826046],[37.622209,55.825732],[37.620874,55.823306],[37.619423,55.822168],[37.621129,55.82048],[37.62325,55.820176],[37.624925,55.820743],[37.627753,55.8219335]]]}","description":"sdgsdfgsdg","color":null,"opacity":100,"borderOpacity":100,"showOnMap":true},{"id":40,"name":"erwerewr","geometry":"{\"type\":\"Polygon\",\"coordinates\":[[[37.611264,55.815127],[37.631264,55.815127],[37.631264,55.835127],[37.611264,55.835127],[37.611264,55.815127]]]}","description":null,"color":null,"opacity":0,"borderOpacity":0,"showOnMap":false},{"id":41,"name":"777","geometry":"{\"type\":\"Polygon\",\"coordinates\":[[[37.625427,55.819561],[37.629719,55.815703],[37.633152,55.819729],[37.636671,55.834217],[37.625041,55.828384],[37.613754,55.834554],[37.606802,55.830071],[37.605858,55.822839],[37.617102,55.817656],[37.625427,55.819561]]]}","description":"gsfgsdfg","color":null,"opacity":0,"borderOpacity":0,"showOnMap":true},{"id":44,"name":"TEST_GEO01 (НЕ ТРОГАТЬ!)","geometry":"{\"type\": \"Polygon\",\"coordinates\":[[   [37.61874, 55.817728],[37.638571, 55.817728],[37.638571, 55.826431],[37.61874, 55.826431],[37.61874, 55.817728]]]}","description":"НЕ ТРОГАТЬ! УЧАСТВУЕТ В АВТО ТЕСТАХ! ","color":null,"opacity":0,"borderOpacity":0,"showOnMap":false},{"id":21,"name":"тест11111111","geometry":"{\"type\": \"Polygon\",  \"coordinates\":   [[[39,  110],   [49,  46],   [29,  46],   [19,  29],   [39,  19]]]}","description":null,"color":null,"opacity":0,"borderOpacity":0,"showOnMap":false},{"id":27,"name":"5123","geometry":"{\"type\":\"Polygon\",\"coordinates\":[[[37.62311,55.817559],[37.635298,55.818813],[37.633239,55.83227],[37.613239,55.83227],[37.613239,55.81227],[37.62311,55.817559]]]}","description":null,"color":null,"opacity":0,"borderOpacity":0,"showOnMap":false},{"id":18,"name":"027SNWTestGEOZONE20230413031639ГЕОЗОНА1","geometry":"{\"type\": \"Polygon\",\"coordinates\":[[[37.61874, 55.817728],[37.638571, 55.817728],[37.638571, 55.826431],[37.61874, 55.826431],[37.61874, 55.817728]]]}","description":"НЕ ТРОГАТЬ! УЧАСТВУЕТ В АВТО ТЕСТАХ!","color":"#778899","opacity":50,"borderOpacity":50,"showOnMap":true},{"id":45,"name":"1","geometry":"{\"type\":\"Polygon\",\"coordinates\":[[[37.613249,55.812282],[37.633249,55.812282],[37.633249,55.832282],[37.623839,55.82607],[37.613249,55.832282],[37.613249,55.812282]]]}","description":null,"color":null,"opacity":0,"borderOpacity":0,"showOnMap":false},{"id":28,"name":"Парк","geometry":"{\"type\":\"Polygon\",\"coordinates\":[[[37.636585,55.840627],[37.643362,55.840795],[37.64401,55.842362],[37.64444,55.843422],[37.641649,55.844241],[37.638346,55.84494],[37.636499,55.842651],[37.636585,55.840627]]]}","description":"\"Сад будущего\"","color":"#2fff05","opacity":10,"borderOpacity":90,"showOnMap":false},{"id":11,"name":"5555","geometry":"{\"type\":\"Polygon\",\"coordinates\":[[[37.63431,55.658196],[37.65431,55.658196],[37.65431,55.678196],[37.63431,55.678196],[37.63431,55.658196]]]}","description":"555","color":null,"opacity":0,"borderOpacity":0,"showOnMap":false}]}